{
  "annotations": {
    "list": [
      {
        "builtIn": 1,
        "datasource": {
          "type": "grafana",
          "uid": "-- Grafana --"
        },
        "enable": true,
        "hide": true,
        "iconColor": "rgba(0, 211, 255, 1)",
        "name": "Annotations & Alerts",
        "target": {
          "limit": 100,
          "matchAny": false,
          "tags": [],
          "type": "dashboard"
        },
        "type": "dashboard"
      }
    ]
  },
  "editable": true,
  "fiscalYearStartMonth": 0,
  "graphTooltip": 0,
  "id": 1,
  "links": [],
  "liveNow": false,
  "panels": [
    {
      "datasource": {
        "type": "prometheus",
        "uid": "TBEcGvY4z"
      },
      "fieldConfig": {
        "defaults": {
          "color": {
            "mode": "palette-classic"
          },
          "custom": {
            "axisCenteredZero": false,
            "axisColorMode": "text",
            "axisLabel": "",
            "axisPlacement": "auto",
            "barAlignment": 0,
            "drawStyle": "line",
            "fillOpacity": 0,
            "gradientMode": "none",
            "hideFrom": {
              "legend": false,
              "tooltip": false,
              "viz": false
            },
            "lineInterpolation": "linear",
            "lineWidth": 1,
            "pointSize": 5,
            "scaleDistribution": {
              "type": "linear"
            },
            "showPoints": "auto",
            "spanNulls": false,
            "stacking": {
              "group": "A",
              "mode": "none"
            },
            "thresholdsStyle": {
              "mode": "off"
            }
          },
          "mappings": [],
          "thresholds": {
            "mode": "absolute",
            "steps": [
              {
                "color": "green",
                "value": null
              },
              {
                "color": "red",
                "value": 80
              }
            ]
          }
        },
        "overrides": []
      },
      "gridPos": {
        "h": 10,
        "w": 12,
        "x": 0,
        "y": 0
      },
      "id": 4,
      "options": {
        "legend": {
          "calcs": [],
          "displayMode": "list",
          "placement": "bottom",
          "showLegend": true
        },
        "tooltip": {
          "mode": "single",
          "sort": "none"
        }
      },
      "targets": [
        {
          "datasource": {
            "type": "prometheus",
            "uid": "TBEcGvY4z"
          },
          "editorMode": "builder",
          "expr": "jvm_memory_used_bytes{instance=\"episode-micro-service.default.svc.cluster.local:8082\"}",
          "hide": false,
          "legendFormat": "__auto",
          "range": true,
          "refId": "A"
        },
        {
          "datasource": {
            "type": "prometheus",
            "uid": "TBEcGvY4z"
          },
          "editorMode": "builder",
          "expr": "jvm_memory_used_bytes{instance=\"people-micro-service.default.svc.cluster.local:8081\"}",
          "hide": false,
          "legendFormat": "__auto",
          "range": true,
          "refId": "B"
        },
        {
          "datasource": {
            "type": "prometheus",
            "uid": "TBEcGvY4z"
          },
          "editorMode": "builder",
          "expr": "jvm_memory_used_bytes{instance=\"principals-micro-service.default.svc.cluster.local:8083\"}",
          "hide": false,
          "legendFormat": "__auto",
          "range": true,
          "refId": "C"
        },
        {
          "datasource": {
            "type": "prometheus",
            "uid": "TBEcGvY4z"
          },
          "editorMode": "builder",
          "expr": "jvm_memory_used_bytes{instance=\"title-micro-service.default.svc.cluster.local:8080\"}",
          "hide": false,
          "legendFormat": "__auto",
          "range": true,
          "refId": "D"
        }
      ],
      "title": "JVM Memory Usage",
      "type": "timeseries"
    },
    {
      "datasource": {
        "type": "prometheus",
        "uid": "TBEcGvY4z"
      },
      "fieldConfig": {
        "defaults": {
          "color": {
            "mode": "palette-classic"
          },
          "custom": {
            "axisCenteredZero": false,
            "axisColorMode": "text",
            "axisLabel": "",
            "axisPlacement": "auto",
            "barAlignment": 0,
            "drawStyle": "line",
            "fillOpacity": 0,
            "gradientMode": "none",
            "hideFrom": {
              "legend": false,
              "tooltip": false,
              "viz": false
            },
            "lineInterpolation": "linear",
            "lineWidth": 1,
            "pointSize": 5,
            "scaleDistribution": {
              "type": "linear"
            },
            "showPoints": "auto",
            "spanNulls": false,
            "stacking": {
              "group": "A",
              "mode": "none"
            },
            "thresholdsStyle": {
              "mode": "off"
            }
          },
          "mappings": [],
          "thresholds": {
            "mode": "absolute",
            "steps": [
              {
                "color": "green",
                "value": null
              },
              {
                "color": "red",
                "value": 80
              }
            ]
          }
        },
        "overrides": []
      },
      "gridPos": {
        "h": 10,
        "w": 12,
        "x": 12,
        "y": 0
      },
      "id": 6,
      "options": {
        "legend": {
          "calcs": [],
          "displayMode": "list",
          "placement": "bottom",
          "showLegend": true
        },
        "tooltip": {
          "mode": "single",
          "sort": "none"
        }
      },
      "targets": [
        {
          "datasource": {
            "type": "prometheus",
            "uid": "TBEcGvY4z"
          },
          "editorMode": "builder",
          "expr": "http_server_requests_seconds_count{instance=\"episode-micro-service.default.svc.cluster.local:8082\"}",
          "legendFormat": "__auto",
          "range": true,
          "refId": "A"
        },
        {
          "datasource": {
            "type": "prometheus",
            "uid": "TBEcGvY4z"
          },
          "editorMode": "builder",
          "expr": "http_server_requests_seconds_count{instance=\"people-micro-service.default.svc.cluster.local:8081\"}",
          "hide": false,
          "legendFormat": "__auto",
          "range": true,
          "refId": "B"
        },
        {
          "datasource": {
            "type": "prometheus",
            "uid": "TBEcGvY4z"
          },
          "editorMode": "builder",
          "expr": "http_server_requests_seconds_count{instance=\"principals-micro-service.default.svc.cluster.local:8083\"}",
          "hide": false,
          "legendFormat": "__auto",
          "range": true,
          "refId": "C"
        },
        {
          "datasource": {
            "type": "prometheus",
            "uid": "TBEcGvY4z"
          },
          "editorMode": "builder",
          "expr": "http_server_requests_seconds_count{instance=\"title-micro-service.default.svc.cluster.local:8080\"}",
          "hide": false,
          "legendFormat": "__auto",
          "range": true,
          "refId": "D"
        }
      ],
      "title": "Endpoint HTTP Calls Count",
      "type": "timeseries"
    },
    {
      "datasource": {
        "type": "prometheus",
        "uid": "TBEcGvY4z"
      },
      "fieldConfig": {
        "defaults": {
          "color": {
            "mode": "palette-classic"
          },
          "custom": {
            "axisCenteredZero": false,
            "axisColorMode": "text",
            "axisLabel": "",
            "axisPlacement": "auto",
            "barAlignment": 0,
            "drawStyle": "line",
            "fillOpacity": 0,
            "gradientMode": "none",
            "hideFrom": {
              "legend": false,
              "tooltip": false,
              "viz": false
            },
            "lineInterpolation": "linear",
            "lineWidth": 1,
            "pointSize": 5,
            "scaleDistribution": {
              "type": "linear"
            },
            "showPoints": "auto",
            "spanNulls": false,
            "stacking": {
              "group": "A",
              "mode": "none"
            },
            "thresholdsStyle": {
              "mode": "off"
            }
          },
          "mappings": [],
          "thresholds": {
            "mode": "absolute",
            "steps": [
              {
                "color": "green",
                "value": null
              },
              {
                "color": "red",
                "value": 80
              }
            ]
          }
        },
        "overrides": [
          {
            "__systemRef": "hideSeriesFrom",
            "matcher": {
              "id": "byNames",
              "options": {
                "mode": "exclude",
                "names": [
                  "{__name__=\"process_cpu_usage\", application=\"title-micro-service \", instance=\"title-micro-service.default.svc.cluster.local:8080\", job=\"title-micro-service\"}"
                ],
                "prefix": "All except:",
                "readOnly": true
              }
            },
            "properties": [
              {
                "id": "custom.hideFrom",
                "value": {
                  "legend": false,
                  "tooltip": false,
                  "viz": true
                }
              }
            ]
          }
        ]
      },
      "gridPos": {
        "h": 9,
        "w": 12,
        "x": 0,
        "y": 10
      },
      "id": 2,
      "options": {
        "legend": {
          "calcs": [],
          "displayMode": "list",
          "placement": "bottom",
          "showLegend": true
        },
        "tooltip": {
          "mode": "single",
          "sort": "none"
        }
      },
      "targets": [
        {
          "datasource": {
            "type": "prometheus",
            "uid": "TBEcGvY4z"
          },
          "editorMode": "builder",
          "expr": "process_cpu_usage{instance=\"episode-micro-service.default.svc.cluster.local:8082\"}",
          "legendFormat": "__auto",
          "range": true,
          "refId": "A"
        },
        {
          "datasource": {
            "type": "prometheus",
            "uid": "TBEcGvY4z"
          },
          "editorMode": "builder",
          "expr": "process_cpu_usage{instance=\"people-micro-service.default.svc.cluster.local:8081\"}",
          "hide": false,
          "legendFormat": "__auto",
          "range": true,
          "refId": "B"
        },
        {
          "datasource": {
            "type": "prometheus",
            "uid": "TBEcGvY4z"
          },
          "editorMode": "builder",
          "expr": "process_cpu_usage{instance=\"principals-micro-service.default.svc.cluster.local:8083\"}",
          "hide": false,
          "legendFormat": "__auto",
          "range": true,
          "refId": "C"
        },
        {
          "datasource": {
            "type": "prometheus",
            "uid": "TBEcGvY4z"
          },
          "editorMode": "builder",
          "expr": "process_cpu_usage{instance=\"title-micro-service.default.svc.cluster.local:8080\"}",
          "hide": false,
          "legendFormat": "__auto",
          "range": true,
          "refId": "D"
        }
      ],
      "title": "Process CPU Usage ",
      "type": "timeseries"
    },
    {
      "datasource": {
        "type": "prometheus",
        "uid": "TBEcGvY4z"
      },
      "fieldConfig": {
        "defaults": {
          "color": {
            "mode": "palette-classic"
          },
          "custom": {
            "axisCenteredZero": false,
            "axisColorMode": "text",
            "axisLabel": "",
            "axisPlacement": "auto",
            "barAlignment": 0,
            "drawStyle": "line",
            "fillOpacity": 0,
            "gradientMode": "none",
            "hideFrom": {
              "legend": false,
              "tooltip": false,
              "viz": false
            },
            "lineInterpolation": "linear",
            "lineWidth": 1,
            "pointSize": 5,
            "scaleDistribution": {
              "type": "linear"
            },
            "showPoints": "auto",
            "spanNulls": false,
            "stacking": {
              "group": "A",
              "mode": "none"
            },
            "thresholdsStyle": {
              "mode": "off"
            }
          },
          "mappings": [],
          "thresholds": {
            "mode": "absolute",
            "steps": [
              {
                "color": "green",
                "value": null
              },
              {
                "color": "red",
                "value": 80
              }
            ]
          }
        },
        "overrides": []
      },
      "gridPos": {
        "h": 9,
        "w": 12,
        "x": 12,
        "y": 10
      },
      "id": 8,
      "options": {
        "legend": {
          "calcs": [],
          "displayMode": "list",
          "placement": "bottom",
          "showLegend": true
        },
        "tooltip": {
          "mode": "single",
          "sort": "none"
        }
      },
      "targets": [
        {
          "datasource": {
            "type": "prometheus",
            "uid": "TBEcGvY4z"
          },
          "editorMode": "builder",
          "expr": "http_server_requests_seconds_sum{instance=\"episode-micro-service.default.svc.cluster.local:8082\"}",
          "legendFormat": "__auto",
          "range": true,
          "refId": "A"
        },
        {
          "datasource": {
            "type": "prometheus",
            "uid": "TBEcGvY4z"
          },
          "editorMode": "builder",
          "expr": "http_server_requests_seconds_sum{instance=\"episode-micro-service.default.svc.cluster.local:8082\"}",
          "hide": false,
          "legendFormat": "__auto",
          "range": true,
          "refId": "B"
        },
        {
          "datasource": {
            "type": "prometheus",
            "uid": "TBEcGvY4z"
          },
          "editorMode": "builder",
          "expr": "http_server_requests_seconds_sum{instance=\"people-micro-service.default.svc.cluster.local:8081\"}",
          "hide": false,
          "legendFormat": "__auto",
          "range": true,
          "refId": "C"
        },
        {
          "datasource": {
            "type": "prometheus",
            "uid": "TBEcGvY4z"
          },
          "editorMode": "builder",
          "expr": "http_server_requests_seconds_sum{instance=\"principals-micro-service.default.svc.cluster.local:8083\"}",
          "hide": false,
          "legendFormat": "__auto",
          "range": true,
          "refId": "D"
        },
        {
          "datasource": {
            "type": "prometheus",
            "uid": "TBEcGvY4z"
          },
          "editorMode": "builder",
          "expr": "http_server_requests_seconds_sum{instance=\"title-micro-service.default.svc.cluster.local:8080\"}",
          "hide": false,
          "legendFormat": "__auto",
          "range": true,
          "refId": "E"
        }
      ],
      "title": "Panel Title",
      "type": "timeseries"
    }
  ],
  "schemaVersion": 37,
  "style": "dark",
  "tags": [],
  "templating": {
    "list": []
  },
  "time": {
    "from": "now-6h",
    "to": "now"
  },
  "timepicker": {},
  "timezone": "",
  "title": "Cloud Computation DashBoard",
  "uid": "B1WDqDYVk",
  "version": 4,
  "weekStart": ""
}